log_id,habit_id,timestamp,date
1,6,2026-09-20 09:45:43,2026-09-21
7,7,2026-09-20 15:47:08,2026-09-16
9,4,2026-09-20 16:24:13,2026-09-20
10,4,2026-09-20 16:24:25,2026-09-21
11,5,2026-09-20 16:25:02,2026-09-20
12,5,2026-09-20 16:25:13,2026-09-21
13,4,2026-09-20 16:45:21,2026-09-23
14,3,2026-09-20 16:48:36,2026-09-20
16,8,2026-09-20 20:33:51,2026-09-20
17,8,2026-09-20 20:34:17,2026-09-21
18,8,2026-09-21 01:27:03,2026-09-22
19,2,2026-09-21 09:58:37,2026-09-14
20,4,2026-09-21 09:58:48,2026-09-14
21,2,2026-09-21 13:40:48,2026-09-21
22,10,2026-09-21 13:43:15,2026-09-21
23,10,2026-09-21 13:43:27,2026-09-22
